slugseason,nameteam,nameplayer,value
2020-21,Atlanta Hawks,Bogdan Bogdanovic,18000000
2021-22,Atlanta Hawks,Bogdan Bogdanovic,18000000
2022-23,Atlanta Hawks,Bogdan Bogdanovic,18000000
2023-24,Atlanta Hawks,Bogdan Bogdanovic,18000000
2020-21,Atlanta Hawks,Brandon Goodwin,1701593
2021-22,Atlanta Hawks,Brandon Goodwin,2126991
2020-21,Atlanta Hawks,Bruno Fernando,1517981
2021-22,Atlanta Hawks,Bruno Fernando,1782621
2022-23,Atlanta Hawks,Bruno Fernando,2228276
2020-21,Atlanta Hawks,Cam Reddish,4458000
2021-22,Atlanta Hawks,Cam Reddish,4670160
2022-23,Atlanta Hawks,Cam Reddish,5954454
2023-24,Atlanta Hawks,Cam Reddish,8109966
2020-21,Atlanta Hawks,Clint Capela,16000000
2021-22,Atlanta Hawks,Clint Capela,17103448
2022-23,Atlanta Hawks,Clint Capela,18206896
2020-21,Atlanta Hawks,Danilo Gallinari,19500000
2021-22,Atlanta Hawks,Danilo Gallinari,20475000
2022-23,Atlanta Hawks,Danilo Gallinari,21450000
2020-21,Atlanta Hawks,De'Andre Hunter,7422000
2021-22,Atlanta Hawks,De'Andre Hunter,7775400
2022-23,Atlanta Hawks,De'Andre Hunter,9835881
2023-24,Atlanta Hawks,De'Andre Hunter,12973527
2020-21,Atlanta Hawks,John Collins,4137302
2021-22,Atlanta Hawks,John Collins,7705447
2020-21,Atlanta Hawks,Kevin Huerter,2761920
2021-22,Atlanta Hawks,Kevin Huerter,4253357
2022-23,Atlanta Hawks,Kevin Huerter,6065287
2020-21,Atlanta Hawks,Khyri Thomas,744684
2020-21,Atlanta Hawks,Kris Dunn,4767000
2021-22,Atlanta Hawks,Kris Dunn,5005350
2020-21,Atlanta Hawks,Lou Williams,8000000
2020-21,Atlanta Hawks,Onyeka Okongwu,5813640
2021-22,Atlanta Hawks,Onyeka Okongwu,6104280
2022-23,Atlanta Hawks,Onyeka Okongwu,6395160
2023-24,Atlanta Hawks,Onyeka Okongwu,8109063
2024-25,Atlanta Hawks,Onyeka Okongwu,10817490
2020-21,Atlanta Hawks,Solomon Hill,1620564
2020-21,Atlanta Hawks,Tony Snell,12178571
2020-21,Atlanta Hawks,Trae Young,6571800
2021-22,Atlanta Hawks,Trae Young,8326471
2022-23,Atlanta Hawks,Trae Young,11040900
2020-21,Boston Celtics,Aaron Nesmith,3458400
2021-22,Boston Celtics,Aaron Nesmith,3631200
2022-23,Boston Celtics,Aaron Nesmith,3804360
2023-24,Boston Celtics,Aaron Nesmith,5634257
2024-25,Boston Celtics,Aaron Nesmith,7837251
2020-21,Boston Celtics,Carsen Edwards,1517981
2021-22,Boston Celtics,Carsen Edwards,1782621
2022-23,Boston Celtics,Carsen Edwards,1930681
2020-21,Boston Celtics,Demetrius Jackson,92857
2021-22,Boston Celtics,Demetrius Jackson,92857
2022-23,Boston Celtics,Demetrius Jackson,92857
2023-24,Boston Celtics,Demetrius Jackson,92857
2020-21,Boston Celtics,Evan Fournier,17450000
2020-21,Boston Celtics,Grant Williams,2498760
2021-22,Boston Celtics,Grant Williams,2617800
2022-23,Boston Celtics,Grant Williams,4306281
2023-24,Boston Celtics,Grant Williams,6235495
2020-21,Boston Celtics,Guerschon Yabusele,1039080
2021-22,Boston Celtics,Guerschon Yabusele,1039080
2020-21,Boston Celtics,Jaylen Brown,23437500
2021-22,Boston Celtics,Jaylen Brown,25312500
2022-23,Boston Celtics,Jaylen Brown,27187500
2023-24,Boston Celtics,Jaylen Brown,29062501
2020-21,Boston Celtics,Jayson Tatum,9897120
2021-22,Boston Celtics,Jayson Tatum,28103500
2022-23,Boston Celtics,Jayson Tatum,30351780
2023-24,Boston Celtics,Jayson Tatum,32600060
2024-25,Boston Celtics,Jayson Tatum,34848340
2020-21,Boston Celtics,Kemba Walker,34379100
2021-22,Boston Celtics,Kemba Walker,36016200
2022-23,Boston Celtics,Kemba Walker,37653300
2020-21,Boston Celtics,Luke Kornet,2250000
2020-21,Boston Celtics,Marcus Smart,13446428
2021-22,Boston Celtics,Marcus Smart,14339285
2020-21,Boston Celtics,Moritz Wagner,2161920
2020-21,Boston Celtics,Payton Pritchard,2035800
2021-22,Boston Celtics,Payton Pritchard,2137440
2022-23,Boston Celtics,Payton Pritchard,2239200
2023-24,Boston Celtics,Payton Pritchard,4037277
2024-25,Boston Celtics,Payton Pritchard,5959022
2020-21,Boston Celtics,Robert Williams,2029920
2021-22,Boston Celtics,Robert Williams,3661976
2022-23,Boston Celtics,Robert Williams,5430710
2020-21,Boston Celtics,Romeo Langford,3631200
2021-22,Boston Celtics,Romeo Langford,3804360
2022-23,Boston Celtics,Romeo Langford,5634257
2023-24,Boston Celtics,Romeo Langford,7837251
2020-21,Boston Celtics,Semi Ojeleye,1752950
2021-22,Boston Celtics,Tacko Fall,1669178
2021-22,Boston Celtics,Tremont Waters,1669178
2020-21,Boston Celtics,Tristan Thompson,9258000
2021-22,Boston Celtics,Tristan Thompson,9720900
2020-21,Brooklyn Nets,Alize Johnson,110998
2020-21,Brooklyn Nets,Andre Roberson,163818
2020-21,Brooklyn Nets,Blake Griffin,776873
2020-21,Brooklyn Nets,Bruce Brown Jr,1663861
2021-22,Brooklyn Nets,Bruce Brown Jr,4736102
2021-22,Brooklyn Nets,Chris Chiozza,1729217
2020-21,Brooklyn Nets,DeAndre Jordan,10375678
2021-22,Brooklyn Nets,DeAndre Jordan,9881598
2022-23,Brooklyn Nets,DeAndre Jordan,9821842
2020-21,Brooklyn Nets,Iman Shumpert,447155
2020-21,Brooklyn Nets,James Harden,41254920
2021-22,Brooklyn Nets,James Harden,44310840
2022-23,Brooklyn Nets,James Harden,47366760
2020-21,Brooklyn Nets,Jeff Green,1620564
2020-21,Brooklyn Nets,Joe Harris,16071429
2021-22,Brooklyn Nets,Joe Harris,17357143
2022-23,Brooklyn Nets,Joe Harris,18642857
2023-24,Brooklyn Nets,Joe Harris,19928571
2020-21,Brooklyn Nets,Kevin Durant,40108950
2021-22,Brooklyn Nets,Kevin Durant,42018900
2022-23,Brooklyn Nets,Kevin Durant,43928850
2020-21,Brooklyn Nets,Kyrie Irving,33460350
2021-22,Brooklyn Nets,Kyrie Irving,35053700
2022-23,Brooklyn Nets,Kyrie Irving,36647050
2020-21,Brooklyn Nets,LaMarcus Aldridge,554988
2020-21,Brooklyn Nets,Landry Shamet,2090040
2021-22,Brooklyn Nets,Landry Shamet,3768342
2022-23,Brooklyn Nets,Landry Shamet,5562073
2020-21,Brooklyn Nets,Nicolas Claxton,1517981
2021-22,Brooklyn Nets,Nicolas Claxton,1782621
2022-23,Brooklyn Nets,Nicolas Claxton,2228276
2020-21,Brooklyn Nets,Noah Vonleh,263995
2020-21,Brooklyn Nets,Norvel Pelle,217845
2020-21,Brooklyn Nets,Spencer Dinwiddie,11454048
2021-22,Brooklyn Nets,Spencer Dinwiddie,12302496
2020-21,Brooklyn Nets,Timothe LuwawuCabarrot,1824003
2020-21,Brooklyn Nets,Tyler Cook,99020
2020-21,Brooklyn Nets,Tyler Johnson,1620564
2020-21,Charlotte Hornets,Bismack Biyombo,3500000
2020-21,Charlotte Hornets,Brad Wanamaker,2250000
2021-22,Charlotte Hornets,Brad Wanamaker,2812500
2020-21,Charlotte Hornets,Caleb Martin,1517981
2021-22,Charlotte Hornets,Caleb Martin,1782621
2022-23,Charlotte Hornets,Caleb Martin,2228821
2020-21,Charlotte Hornets,Cody Martin,1517981
2021-22,Charlotte Hornets,Cody Martin,1782621
2022-23,Charlotte Hornets,Cody Martin,2228821
2020-21,Charlotte Hornets,Cody Zeller,15415730
2020-21,Charlotte Hornets,Devonte' Graham,1663861
2021-22,Charlotte Hornets,Devonte' Graham,4736102
2020-21,Charlotte Hornets,Gordon Hayward,28500000
2021-22,Charlotte Hornets,Gordon Hayward,29925000
2022-23,Charlotte Hornets,Gordon Hayward,30075000
2023-24,Charlotte Hornets,Gordon Hayward,31500000
2020-21,Charlotte Hornets,Jalen McDaniels,1517981
2021-22,Charlotte Hornets,Jalen McDaniels,1782621
2022-23,Charlotte Hornets,Jalen McDaniels,1930681
2020-21,Charlotte Hornets,LaMelo Ball,7839960
2021-22,Charlotte Hornets,LaMelo Ball,8231760
2022-23,Charlotte Hornets,LaMelo Ball,8623920
2023-24,Charlotte Hornets,LaMelo Ball,10900635
2024-25,Charlotte Hornets,LaMelo Ball,14301633
2020-21,Charlotte Hornets,Malik Monk,5345687
2021-22,Charlotte Hornets,Malik Monk,7318246
2020-21,Charlotte Hornets,Miles Bridges,3934320
2021-22,Charlotte Hornets,Miles Bridges,5421493
2022-23,Charlotte Hornets,Miles Bridges,7459974
2020-21,Charlotte Hornets,Nick Richards,1000000
2021-22,Charlotte Hornets,Nick Richards,1517981
2022-23,Charlotte Hornets,Nick Richards,1782621
2023-24,Charlotte Hornets,Nick Richards,2228270
2020-21,Charlotte Hornets,Nicolas Batum,9043478
2021-22,Charlotte Hornets,Nicolas Batum,9043478
2022-23,Charlotte Hornets,Nicolas Batum,9043478
2020-21,Charlotte Hornets,PJ Washington,4023600
2021-22,Charlotte Hornets,PJ Washington,4215120
2022-23,Charlotte Hornets,PJ Washington,5808435
2023-24,Charlotte Hornets,PJ Washington,7992407
2020-21,Charlotte Hornets,Terry Rozier,18900000
2021-22,Charlotte Hornets,Terry Rozier,17905263
2020-21,Charlotte Hornets,Vernon Carey Jr,1350000
2021-22,Charlotte Hornets,Vernon Carey Jr,1517981
2022-23,Charlotte Hornets,Vernon Carey Jr,1782621
2023-24,Charlotte Hornets,Vernon Carey Jr,1930681
2021-22,Chicago Bulls,Adam Mokoka,1669178
2020-21,Chicago Bulls,AlFarouq Aminu,9720900
2021-22,Chicago Bulls,AlFarouq Aminu,10183800
2020-21,Chicago Bulls,Coby White,5572680
2021-22,Chicago Bulls,Coby White,5837760
2022-23,Chicago Bulls,Coby White,7413955
2023-24,Chicago Bulls,Coby White,9942114
2020-21,Chicago Bulls,Cristiano Felicio,7529020
2020-21,Chicago Bulls,Daniel Theis,5000000
2020-21,Chicago Bulls,Denzel Valentine,4642800
2020-21,Chicago Bulls,Garrett Temple,4767000
2020-21,Chicago Bulls,Javonte Green,1517981
2021-22,Chicago Bulls,Javonte Green,1897476
2020-21,Chicago Bulls,Lauri Markkanen,6731508
2021-22,Chicago Bulls,Lauri Markkanen,9026852
2020-21,Chicago Bulls,Nikola Vucevic,26000000
2021-22,Chicago Bulls,Nikola Vucevic,24000000
2022-23,Chicago Bulls,Nikola Vucevic,22000000
2020-21,Chicago Bulls,Noah Vonleh  W,97261
2020-21,Chicago Bulls,Patrick Williams,7068360
2021-22,Chicago Bulls,Patrick Williams,7422000
2022-23,Chicago Bulls,Patrick Williams,7775400
2023-24,Chicago Bulls,Patrick Williams,9835881
2024-25,Chicago Bulls,Patrick Williams,12973527
2020-21,Chicago Bulls,Ryan Arcidiacono,3000000
2021-22,Chicago Bulls,Ryan Arcidiacono,3000000
2020-21,Chicago Bulls,Thaddeus Young,13545000
2021-22,Chicago Bulls,Thaddeus Young,14190000
2020-21,Chicago Bulls,Tomas Satoransky,10000000
2021-22,Chicago Bulls,Tomas Satoransky,10000000
2020-21,Chicago Bulls,Troy Brown Jr,3372840
2021-22,Chicago Bulls,Troy Brown Jr,5170564
2022-23,Chicago Bulls,Troy Brown Jr,7228448
2020-21,Chicago Bulls,Zach LaVine,19500000
2021-22,Chicago Bulls,Zach LaVine,19500000
2020-21,Cleveland Cavaliers,Andre Drummond,27957238
2020-21,Cleveland Cavaliers,Cedi Osman,8840580
2021-22,Cleveland Cavaliers,Cedi Osman,8133334
2022-23,Cleveland Cavaliers,Cedi Osman,7426088
2023-24,Cleveland Cavaliers,Cedi Osman,6718842
2020-21,Cleveland Cavaliers,Collin Sexton,4991880
2021-22,Cleveland Cavaliers,Collin Sexton,6349671
2022-23,Cleveland Cavaliers,Collin Sexton,8559357
2020-21,Cleveland Cavaliers,Damyean Dotson,2000000
2021-22,Cleveland Cavaliers,Damyean Dotson,2000000
2020-21,Cleveland Cavaliers,Darius Garland,6720720
2021-22,Cleveland Cavaliers,Darius Garland,7040880
2022-23,Cleveland Cavaliers,Darius Garland,8920795
2023-24,Cleveland Cavaliers,Darius Garland,11828974
2020-21,Cleveland Cavaliers,Dean Wade,1517981
2021-22,Cleveland Cavaliers,Dean Wade,1782621
2022-23,Cleveland Cavaliers,Dean Wade,1930681
2020-21,Cleveland Cavaliers,Dylan Windler,2137440
2021-22,Cleveland Cavaliers,Dylan Windler,2239200
2022-23,Cleveland Cavaliers,Dylan Windler,4037278
2023-24,Cleveland Cavaliers,Dylan Windler,5959022
2020-21,Cleveland Cavaliers,Isaac Okoro,6400920
2021-22,Cleveland Cavaliers,Isaac Okoro,6720720
2022-23,Cleveland Cavaliers,Isaac Okoro,7040880
2023-24,Cleveland Cavaliers,Isaac Okoro,8920795
2024-25,Cleveland Cavaliers,Isaac Okoro,11828974
2020-21,Cleveland Cavaliers,Isaiah Hartenstein,1620564
2021-22,Cleveland Cavaliers,Isaiah Hartenstein,1762796
2020-21,Cleveland Cavaliers,Jarrett Allen,3909902
2021-22,Cleveland Cavaliers,Jarrett Allen,7705447
2020-21,Cleveland Cavaliers,JR Smith,1456667
2021-22,Cleveland Cavaliers,JR Smith,1456667
2020-21,Cleveland Cavaliers,Kevin Love,31258256
2021-22,Cleveland Cavaliers,Kevin Love,31258256
2022-23,Cleveland Cavaliers,Kevin Love,28942830
2020-21,Cleveland Cavaliers,Larry Nance Jr,11709091
2021-22,Cleveland Cavaliers,Larry Nance Jr,10690909
2022-23,Cleveland Cavaliers,Larry Nance Jr,9672727
2020-21,Cleveland Cavaliers,Matthew Dellavedova,1620564
2020-21,Cleveland Cavaliers,Quinn Cook,110998
2020-21,Cleveland Cavaliers,Quinn Cook  E,110998
2020-21,Cleveland Cavaliers,Rayjon Tucker,340000
2020-21,Cleveland Cavaliers,Taurean Prince,12250000
2021-22,Cleveland Cavaliers,Taurean Prince,13000000
2020-21,Cleveland Cavaliers,Thon Maker,309355
2020-21,Cleveland Cavaliers,Yogi Ferrell,110998
2020-21,Dallas Mavericks,Boban Marjanovic,3500000
2020-21,Dallas Mavericks,Dorian FinneySmith,4000000
2021-22,Dallas Mavericks,Dorian FinneySmith,4000000
2020-21,Dallas Mavericks,Dwight Powell,11080125
2021-22,Dallas Mavericks,Dwight Powell,11080125
2022-23,Dallas Mavericks,Dwight Powell,11080125
2020-21,Dallas Mavericks,Jalen Brunson,1663861
2021-22,Dallas Mavericks,Jalen Brunson,1802057
2020-21,Dallas Mavericks,JJ Barea,1620564
2020-21,Dallas Mavericks,JJ Redick,13013700
2020-21,Dallas Mavericks,Josh Green,2816760
2021-22,Dallas Mavericks,Josh Green,2957520
2022-23,Dallas Mavericks,Josh Green,3098400
2023-24,Dallas Mavericks,Josh Green,4765339
2024-25,Dallas Mavericks,Josh Green,6762016
2020-21,Dallas Mavericks,Josh Richardson,10865952
2021-22,Dallas Mavericks,Josh Richardson,11615328
2020-21,Dallas Mavericks,Kristaps Porzingis,29467800
2021-22,Dallas Mavericks,Kristaps Porzingis,31650600
2022-23,Dallas Mavericks,Kristaps Porzingis,33833400
2023-24,Dallas Mavericks,Kristaps Porzingis,36016200
2020-21,Dallas Mavericks,Luka Doncic,8049360
2021-22,Dallas Mavericks,Luka Doncic,10174391
2022-23,Dallas Mavericks,Luka Doncic,13348801
2020-21,Dallas Mavericks,Maxi Kleber,8325000
2021-22,Dallas Mavericks,Maxi Kleber,8825000
2022-23,Dallas Mavericks,Maxi Kleber,9075000
2020-21,Dallas Mavericks,Nicolo Melli,3897436
2021-22,Dallas Mavericks,Nicolo Melli,4871795
2020-21,Dallas Mavericks,Tim Hardaway Jr,18975000
2020-21,Dallas Mavericks,Trey Burke,3000000
2021-22,Dallas Mavericks,Trey Burke,3150000
2022-23,Dallas Mavericks,Trey Burke,3300000
2020-21,Dallas Mavericks,Tyrell Terry,1289846
2021-22,Dallas Mavericks,Tyrell Terry,1617981
2022-23,Dallas Mavericks,Tyrell Terry,1782981
2023-24,Dallas Mavericks,Tyrell Terry,1930681
2020-21,Dallas Mavericks,Willie CauleyStein,4100000
2021-22,Dallas Mavericks,Willie CauleyStein,4100000
2020-21,Denver Nuggets,Aaron Gordon,18136364
2021-22,Denver Nuggets,Aaron Gordon,16409091
2020-21,Denver Nuggets,Bol Manute Bol,2058240
2021-22,Denver Nuggets,Bol Manute Bol,2161152
2022-23,Denver Nuggets,Bol Manute Bol,2701440
2020-21,Denver Nuggets,Facundo Campazzo,3200000
2021-22,Denver Nuggets,Facundo Campazzo,3200000
2022-23,Denver Nuggets,Facundo Campazzo,4000000
2020-21,Denver Nuggets,Gary Clark,2000000
2021-22,Denver Nuggets,Gary Clark,2100000
2020-21,Denver Nuggets,Jamal Murray,27285000
2021-22,Denver Nuggets,Jamal Murray,29467800
2022-23,Denver Nuggets,Jamal Murray,31650600
2023-24,Denver Nuggets,Jamal Murray,33833400
2024-25,Denver Nuggets,Jamal Murray,36016200
2020-21,Denver Nuggets,JaMychal Green,7199760
2021-22,Denver Nuggets,JaMychal Green,7559748
2020-21,Denver Nuggets,JaVale McGee,4200000
2020-21,Denver Nuggets,Michael Porter Jr,3550800
2021-22,Denver Nuggets,Michael Porter Jr,5258735
2022-23,Denver Nuggets,Michael Porter Jr,7314900
2020-21,Denver Nuggets,Monte Morris,1723707
2021-22,Denver Nuggets,Monte Morris,8449074
2022-23,Denver Nuggets,Monte Morris,9125000
2023-24,Denver Nuggets,Monte Morris,9800926
2020-21,Denver Nuggets,Nikola Jokic,29542010
2021-22,Denver Nuggets,Nikola Jokic,31579390
2022-23,Denver Nuggets,Nikola Jokic,33616770
2020-21,Denver Nuggets,Paul Millsap,10000000
2020-21,Denver Nuggets,PJ Dozier,1762796
2021-22,Denver Nuggets,PJ Dozier,1910860
2020-21,Denver Nuggets,Vlatko Cancar,1517981
2021-22,Denver Nuggets,Vlatko Cancar,1782621
2022-23,Denver Nuggets,Vlatko Cancar,2228276
2020-21,Denver Nuggets,Will Barton,13723214
2021-22,Denver Nuggets,Will Barton,14669642
2020-21,Denver Nuggets,Zeke Nnaji,2379840
2021-22,Denver Nuggets,Zeke Nnaji,2498760
2022-23,Denver Nuggets,Zeke Nnaji,2617800
2023-24,Denver Nuggets,Zeke Nnaji,4306281
2024-25,Denver Nuggets,Zeke Nnaji,6235495
2020-21,Detroit Pistons,Blake Griffin,32670565
2021-22,Detroit Pistons,Blake Griffin,29764126
2020-21,Detroit Pistons,Cory Joseph,12600000
2021-22,Detroit Pistons,Cory Joseph,12600000
2020-21,Detroit Pistons,Deividas Sirvydis,898310
2021-22,Detroit Pistons,Deividas Sirvydis,1517981
2022-23,Detroit Pistons,Deividas Sirvydis,1782621
2023-24,Detroit Pistons,Deividas Sirvydis,2228276
2020-21,Detroit Pistons,Dennis Smith Jr,5686677
2021-22,Detroit Pistons,Dennis Smith Jr,7705447
2020-21,Detroit Pistons,Dewayne Dedmon,2866667
2021-22,Detroit Pistons,Dewayne Dedmon,2866667
2022-23,Detroit Pistons,Dewayne Dedmon,2866667
2023-24,Detroit Pistons,Dewayne Dedmon,2866666
2024-25,Detroit Pistons,Dewayne Dedmon,2866666
2020-21,Detroit Pistons,Dzanan Musa,2002800
2021-22,Detroit Pistons,Frank Jackson,1789256
2020-21,Detroit Pistons,Hamidou Diallo,1663861
2021-22,Detroit Pistons,Hamidou Diallo,2079826
2020-21,Detroit Pistons,Isaiah Stewart II,3121080
2021-22,Detroit Pistons,Isaiah Stewart II,3277080
2022-23,Detroit Pistons,Isaiah Stewart II,3433320
2023-24,Detroit Pistons,Isaiah Stewart II,5266713
2024-25,Detroit Pistons,Isaiah Stewart II,7399732
2020-21,Detroit Pistons,Jahlil Okafor,1882867
2021-22,Detroit Pistons,Jahlil Okafor,2130023
2020-21,Detroit Pistons,Jerami Grant,19050000
2021-22,Detroit Pistons,Jerami Grant,20002500
2022-23,Detroit Pistons,Jerami Grant,20955000
2020-21,Detroit Pistons,Josh Jackson,4767000
2021-22,Detroit Pistons,Josh Jackson,5005350
2020-21,Detroit Pistons,Killian Hayes,5307120
2021-22,Detroit Pistons,Killian Hayes,5572680
2022-23,Detroit Pistons,Killian Hayes,5837760
2023-24,Detroit Pistons,Killian Hayes,7413955
2024-25,Detroit Pistons,Killian Hayes,9942114
2020-21,Detroit Pistons,Mason Plumlee,8000000
2021-22,Detroit Pistons,Mason Plumlee,8137500
2022-23,Detroit Pistons,Mason Plumlee,8525000
2020-21,Detroit Pistons,Rodney McGruder,5192307
2021-22,Detroit Pistons,Rodney McGruder,5000000
2020-21,Detroit Pistons,Saddiq Bey,2689920
2021-22,Detroit Pistons,Saddiq Bey,2824320
2022-23,Detroit Pistons,Saddiq Bey,2959080
2023-24,Detroit Pistons,Saddiq Bey,4556983
2024-25,Detroit Pistons,Saddiq Bey,6498258
2020-21,Detroit Pistons,Sekou Doumbouya,3449400
2021-22,Detroit Pistons,Sekou Doumbouya,3613680
2022-23,Detroit Pistons,Sekou Doumbouya,5539771
2023-24,Detroit Pistons,Sekou Doumbouya,7744600
2020-21,Detroit Pistons,Tyler Cook  E,99020
2020-21,Detroit Pistons,Wayne Ellington,1620564
2020-21,Detroit Pistons,Zhaire Smith,1068200
2021-22,Detroit Pistons,Zhaire Smith,1068200
2022-23,Detroit Pistons,Zhaire Smith,1068200
2020-21,Golden State Warriors,Alen Smailagic,1517981
2021-22,Golden State Warriors,Alen Smailagic,1782621
2022-23,Golden State Warriors,Alen Smailagic,1930681
2020-21,Golden State Warriors,Andrew Wiggins,29542010
2021-22,Golden State Warriors,Andrew Wiggins,31579390
2022-23,Golden State Warriors,Andrew Wiggins,33616770
2020-21,Golden State Warriors,Damion Lee,1762796
2021-22,Golden State Warriors,Damion Lee,1910860
2020-21,Golden State Warriors,Draymond Green,22246956
2021-22,Golden State Warriors,Draymond Green,24026712
2022-23,Golden State Warriors,Draymond Green,25806468
2023-24,Golden State Warriors,Draymond Green,27586224
2020-21,Golden State Warriors,Eric Paschall,1517981
2021-22,Golden State Warriors,Eric Paschall,1782621
2022-23,Golden State Warriors,Eric Paschall,2228276
2020-21,Golden State Warriors,James Wiseman,8730240
2021-22,Golden State Warriors,James Wiseman,9166800
2022-23,Golden State Warriors,James Wiseman,9603360
2023-24,Golden State Warriors,James Wiseman,12119440
2024-25,Golden State Warriors,James Wiseman,15815869
2020-21,Golden State Warriors,Jordan Poole,2063280
2021-22,Golden State Warriors,Jordan Poole,2161440
2022-23,Golden State Warriors,Jordan Poole,3901399
2023-24,Golden State Warriors,Jordan Poole,5813085
2020-21,Golden State Warriors,Kelly Oubre,14375000
2020-21,Golden State Warriors,Kent Bazemore,1620564
2020-21,Golden State Warriors,Kevon Looney,4821429
2021-22,Golden State Warriors,Kevon Looney,5178572
2020-21,Golden State Warriors,Klay Thompson,35361360
2021-22,Golden State Warriors,Klay Thompson,37980720
2022-23,Golden State Warriors,Klay Thompson,40600080
2023-24,Golden State Warriors,Klay Thompson,43219440
2020-21,Golden State Warriors,Mychal Mulder,1517981
2021-22,Golden State Warriors,Mychal Mulder,1782621
2022-23,Golden State Warriors,Mychal Mulder,2228276
2020-21,Golden State Warriors,Shaun Livingston,666667
2021-22,Golden State Warriors,Shaun Livingston,666667
2020-21,Golden State Warriors,Stephen Curry,43006362
2021-22,Golden State Warriors,Stephen Curry,45780966
2020-21,Houston Rockets,Avery Bradley,5635000
2021-22,Houston Rockets,Avery Bradley,5916750
2020-21,Houston Rockets,Ben McLemore,2283034
2020-21,Houston Rockets,Bruno Caboclo,361256
2020-21,Houston Rockets,Chris Clemons,1517981
2020-21,Houston Rockets,Christian Wood,13015874
2021-22,Houston Rockets,Christian Wood,13666667
2022-23,Houston Rockets,Christian Wood,14317459
2020-21,Houston Rockets,Dante Exum,9600000
2020-21,Houston Rockets,Danuel House,3717000
2021-22,Houston Rockets,Danuel House,3894000
2020-21,Houston Rockets,DaQuan Jeffries,1445697
2021-22,Houston Rockets,DaQuan Jeffries,1701593
2022-23,Houston Rockets,DaQuan Jeffries,2126991
2020-21,Houston Rockets,David Nwaba,1824003
2020-21,Houston Rockets,DeMarcus Cousins,1620564
2020-21,Houston Rockets,DJ Augustin,6666667
2021-22,Houston Rockets,DJ Augustin,7000000
2022-23,Houston Rockets,DJ Augustin,7333333
2020-21,Houston Rockets,DJ Wilson,4548280
2021-22,Houston Rockets,DJ Wilson,6422171
2020-21,Houston Rockets,Eric Gordon,16869276
2021-22,Houston Rockets,Eric Gordon,18218818
2022-23,Houston Rockets,Eric Gordon,19568360
2023-24,Houston Rockets,Eric Gordon,20917902
2020-21,Houston Rockets,Jae'Sean Tate,1445697
2021-22,Houston Rockets,Jae'Sean Tate,1517981
2022-23,Houston Rockets,Jae'Sean Tate,1782621
2023-24,Houston Rockets,Jae'Sean Tate,2228276
2020-21,Houston Rockets,Jerian Grant,50000
2020-21,Houston Rockets,John Wall,41254920
2021-22,Houston Rockets,John Wall,44310840
2022-23,Houston Rockets,John Wall,47366760
2020-21,Houston Rockets,Kelly Olynyk,12819649
2020-21,Houston Rockets,Kevin Porter Jr,1717981
2021-22,Houston Rockets,Kevin Porter Jr,1782621
2022-23,Houston Rockets,Kevin Porter Jr,3217631
2023-24,Houston Rockets,Kevin Porter Jr,4826447
2020-21,Houston Rockets,KJ Martin,898310
2021-22,Houston Rockets,KJ Martin,1517981
2022-23,Houston Rockets,KJ Martin,1782621
2023-24,Houston Rockets,KJ Martin,1930681
2020-21,Houston Rockets,Mason Jones,61528
2020-21,Houston Rockets,Sterling Brown,1620564
2020-21,Houston Rockets,Troy Williams,122741
2021-22,Houston Rockets,Troy Williams,122741
2022-23,Houston Rockets,Troy Williams,122741
2020-21,Indiana Pacers,Aaron Holiday,2345640
2021-22,Indiana Pacers,Aaron Holiday,3980551
2022-23,Indiana Pacers,Aaron Holiday,5791702
2021-22,Indiana Pacers,Brian Bowen II,1669178
2020-21,Indiana Pacers,Caris LeVert,16203704
2021-22,Indiana Pacers,Caris LeVert,17500000
2022-23,Indiana Pacers,Caris LeVert,18796296
2020-21,Indiana Pacers,Domantas Sabonis,19800000
2021-22,Indiana Pacers,Domantas Sabonis,19800000
2022-23,Indiana Pacers,Domantas Sabonis,19800000
2023-24,Indiana Pacers,Domantas Sabonis,20700000
2020-21,Indiana Pacers,Doug McDermott,7333333
2020-21,Indiana Pacers,Edmond Sumner,2160000
2021-22,Indiana Pacers,Edmond Sumner,2320000
2020-21,Indiana Pacers,Goga Bitadze,2957520
2021-22,Indiana Pacers,Goga Bitadze,3098400
2022-23,Indiana Pacers,Goga Bitadze,4765339
2023-24,Indiana Pacers,Goga Bitadze,6762016
2020-21,Indiana Pacers,JaKarr Sampson,1620564
2020-21,Indiana Pacers,Jalen Lecque,1517981
2020-21,Indiana Pacers,Jeremy Lamb,10500000
2021-22,Indiana Pacers,Jeremy Lamb,10500000
2020-21,Indiana Pacers,Justin Holiday,5720400
2021-22,Indiana Pacers,Justin Holiday,6006420
2022-23,Indiana Pacers,Justin Holiday,6292440
2020-21,Indiana Pacers,Kelan Martin,1445697
2021-22,Indiana Pacers,Kelan Martin,1701593
2022-23,Indiana Pacers,Kelan Martin,2126991
2020-21,Indiana Pacers,Malcolm Brogdon,20700000
2021-22,Indiana Pacers,Malcolm Brogdon,21700000
2022-23,Indiana Pacers,Malcolm Brogdon,22600000
2020-21,Indiana Pacers,Monta Ellis,2245400
2021-22,Indiana Pacers,Monta Ellis,2245400
2020-21,Indiana Pacers,Myles Turner,18000000
2021-22,Indiana Pacers,Myles Turner,18000000
2022-23,Indiana Pacers,Myles Turner,18000000
2020-21,Indiana Pacers,Oshae Brissett,99020
2020-21,Indiana Pacers,TJ McConnell,3500000
2020-21,Indiana Pacers,TJ Warren,12000000
2021-22,Indiana Pacers,TJ Warren,12940000
2021-22,Los Angeles Clippers,Amir Coffey,1669178
2020-21,Los Angeles Clippers,Daniel Oturu,898310
2021-22,Los Angeles Clippers,Daniel Oturu,1517981
2022-23,Los Angeles Clippers,Daniel Oturu,1919247
2020-21,Los Angeles Clippers,DeMarcus Cousins,110998
2020-21,Los Angeles Clippers,Ivica Zubac,7000000
2021-22,Los Angeles Clippers,Ivica Zubac,7518518
2022-23,Los Angeles Clippers,Ivica Zubac,7518518
2020-21,Los Angeles Clippers,Kawhi Leonard,34379100
2021-22,Los Angeles Clippers,Kawhi Leonard,36016200
2020-21,Los Angeles Clippers,Luke Kennard,5273826
2021-22,Los Angeles Clippers,Luke Kennard,12727273
2022-23,Los Angeles Clippers,Luke Kennard,13745455
2023-24,Los Angeles Clippers,Luke Kennard,14763636
2024-25,Los Angeles Clippers,Luke Kennard,14763636
2020-21,Los Angeles Clippers,Marcus Morris,14883721
2021-22,Los Angeles Clippers,Marcus Morris,15627907
2022-23,Los Angeles Clippers,Marcus Morris,16372093
2023-24,Los Angeles Clippers,Marcus Morris,17116279
2020-21,Los Angeles Clippers,Nicolas Batum,1620564
2020-21,Los Angeles Clippers,Patrick Beverley,13333333
2021-22,Los Angeles Clippers,Patrick Beverley,14320987
2020-21,Los Angeles Clippers,Patrick Patterson,3077704
2020-21,Los Angeles Clippers,Paul George,35450412
2021-22,Los Angeles Clippers,Paul George,39344900
2022-23,Los Angeles Clippers,Paul George,42492492
2023-24,Los Angeles Clippers,Paul George,45640084
2024-25,Los Angeles Clippers,Paul George,48787676
2020-21,Los Angeles Clippers,Rajon Rondo,8250000
2021-22,Los Angeles Clippers,Rajon Rondo,8250000
2020-21,Los Angeles Clippers,Reggie Jackson,1620564
2020-21,Los Angeles Clippers,Serge Ibaka,9258000
2021-22,Los Angeles Clippers,Serge Ibaka,9720900
2020-21,Los Angeles Clippers,Terance Mann,1517981
2021-22,Los Angeles Clippers,Terance Mann,1782621
2022-23,Los Angeles Clippers,Terance Mann,1930681
2020-21,Los Angeles Lakers,Alex Caruso,2750000
2020-21,Los Angeles Lakers,Alfonzo McKinnie,1762796
2021-22,Los Angeles Lakers,Alfonzo McKinnie,1910860
2022-23,Los Angeles Lakers,Alfonzo McKinnie,2165298
2020-21,Los Angeles Lakers,Andre Drummond,554988
2020-21,Los Angeles Lakers,Anthony Davis,32742000
2021-22,Los Angeles Lakers,Anthony Davis,35361360
2022-23,Los Angeles Lakers,Anthony Davis,37980720
2023-24,Los Angeles Lakers,Anthony Davis,40600080
2024-25,Los Angeles Lakers,Anthony Davis,43219440
2020-21,Los Angeles Lakers,Ben McLemore,455090
2020-21,Los Angeles Lakers,Damian Jones,110998
2020-21,Los Angeles Lakers,Damian Jones  E,110998
2020-21,Los Angeles Lakers,Dennis Schroder,16000000
2020-21,Los Angeles Lakers,Jared Dudley,1620564
2020-21,Los Angeles Lakers,Jordan Bell,580062
2020-21,Los Angeles Lakers,Kentavious CaldwellPope,12073020
2021-22,Los Angeles Lakers,Kentavious CaldwellPope,13038862
2022-23,Los Angeles Lakers,Kentavious CaldwellPope,14004703
2021-22,Los Angeles Lakers,Kostas Antetokounmpo,1729217
2020-21,Los Angeles Lakers,Kyle Kuzma,3562178
2021-22,Los Angeles Lakers,Kyle Kuzma,13000000
2022-23,Los Angeles Lakers,Kyle Kuzma,13000000
2023-24,Los Angeles Lakers,Kyle Kuzma,13000000
2020-21,Los Angeles Lakers,LeBron James,39219566
2021-22,Los Angeles Lakers,LeBron James,41180544
2022-23,Los Angeles Lakers,LeBron James,44474988
2020-21,Los Angeles Lakers,Luol Deng,5000000
2021-22,Los Angeles Lakers,Luol Deng,5000000
2020-21,Los Angeles Lakers,Marc Gasol,2564753
2021-22,Los Angeles Lakers,Marc Gasol,2692991
2020-21,Los Angeles Lakers,Markieff Morris,1620564
2020-21,Los Angeles Lakers,Montrezl Harrell,9258000
2021-22,Los Angeles Lakers,Montrezl Harrell,9720900
2020-21,Los Angeles Lakers,Quinn Cook,1000000
2020-21,Los Angeles Lakers,Quinn Cook  W,797183
2020-21,Los Angeles Lakers,Talen HortonTucker,1517981
2021-22,Los Angeles Lakers,Talen HortonTucker,1897476
2020-21,Los Angeles Lakers,Wesley Matthews,3623000
2020-21,Memphis Grizzlies,Brandon Clarke,2602920
2021-22,Memphis Grizzlies,Brandon Clarke,2726880
2022-23,Memphis Grizzlies,Brandon Clarke,4343920
2023-24,Memphis Grizzlies,Brandon Clarke,6259589
2020-21,Memphis Grizzlies,Dakari Johnson,459414
2020-21,Memphis Grizzlies,De'Anthony Melton,9571712
2021-22,Memphis Grizzlies,De'Anthony Melton,8805976
2022-23,Memphis Grizzlies,De'Anthony Melton,8250000
2023-24,Memphis Grizzlies,De'Anthony Melton,8000000
2020-21,Memphis Grizzlies,Desmond Bane,1936440
2021-22,Memphis Grizzlies,Desmond Bane,2033160
2022-23,Memphis Grizzlies,Desmond Bane,2130240
2023-24,Memphis Grizzlies,Desmond Bane,3845083
2024-25,Memphis Grizzlies,Desmond Bane,5767625
2020-21,Memphis Grizzlies,Dillon Brooks,11400000
2021-22,Memphis Grizzlies,Dillon Brooks,12200000
2022-23,Memphis Grizzlies,Dillon Brooks,11400000
2020-21,Memphis Grizzlies,Dion Waiters,12650000
2020-21,Memphis Grizzlies,Gorgui Dieng,16587688
2020-21,Memphis Grizzlies,Grayson Allen,2545320
2021-22,Memphis Grizzlies,Grayson Allen,4054695
2022-23,Memphis Grizzlies,Grayson Allen,5842815
2020-21,Memphis Grizzlies,Ja Morant,9166800
2021-22,Memphis Grizzlies,Ja Morant,9603360
2022-23,Memphis Grizzlies,Ja Morant,12119440
2023-24,Memphis Grizzlies,Ja Morant,15815869
2020-21,Memphis Grizzlies,Jaren Jackson Jr,7257360
2021-22,Memphis Grizzlies,Jaren Jackson Jr,9180560
2022-23,Memphis Grizzlies,Jaren Jackson Jr,12109159
2020-21,Memphis Grizzlies,John Konchar,2100000
2021-22,Memphis Grizzlies,John Konchar,2200000
2022-23,Memphis Grizzlies,John Konchar,2300000
2023-24,Memphis Grizzlies,John Konchar,2400000
2020-21,Memphis Grizzlies,Jonas Valanciunas,15000000
2021-22,Memphis Grizzlies,Jonas Valanciunas,14000000
2020-21,Memphis Grizzlies,Jontay Porter,1900000
2021-22,Memphis Grizzlies,Jontay Porter,1950000
2022-23,Memphis Grizzlies,Jontay Porter,2000000
2020-21,Memphis Grizzlies,Justise Winslow,13000000
2021-22,Memphis Grizzlies,Justise Winslow,13000000
2020-21,Memphis Grizzlies,Kyle Anderson,9505100
2021-22,Memphis Grizzlies,Kyle Anderson,9937150
2020-21,Memphis Grizzlies,Mario Hezonja,1977011
2020-21,Memphis Grizzlies,Marko Guduric,2750000
2020-21,Memphis Grizzlies,Tim Frazier,110998
2020-21,Memphis Grizzlies,Tyus Jones,8817143
2021-22,Memphis Grizzlies,Tyus Jones,8376286
2020-21,Memphis Grizzlies,Xavier Tillman Sr,1300000
2021-22,Memphis Grizzlies,Xavier Tillman Sr,1517981
2022-23,Memphis Grizzlies,Xavier Tillman Sr,1782621
2023-24,Memphis Grizzlies,Xavier Tillman Sr,1930681
2020-21,Miami Heat,AJ Hammons,350087
2020-21,Miami Heat,Andre Iguodala,15000000
2021-22,Miami Heat,Andre Iguodala,15000000
2020-21,Miami Heat,Bam Adebayo,5115492
2021-22,Miami Heat,Bam Adebayo,28103500
2022-23,Miami Heat,Bam Adebayo,30351780
2023-24,Miami Heat,Bam Adebayo,32600060
2024-25,Miami Heat,Bam Adebayo,34848340
2020-21,Miami Heat,Duncan Robinson,1663861
2021-22,Miami Heat,Duncan Robinson,4736102
2021-22,Miami Heat,Gabe Vincent,1669178
2020-21,Miami Heat,Goran Dragic,18000000
2021-22,Miami Heat,Goran Dragic,19440000
2020-21,Miami Heat,Jimmy Butler,34379100
2021-22,Miami Heat,Jimmy Butler,36016200
2022-23,Miami Heat,Jimmy Butler,37653300
2020-21,Miami Heat,Kendrick Nunn,1663861
2021-22,Miami Heat,Kendrick Nunn,4736102
2020-21,Miami Heat,KZ Okpala,1517981
2021-22,Miami Heat,KZ Okpala,1782621
2022-23,Miami Heat,KZ Okpala,2228276
2020-21,Miami Heat,Nemanja Bjelica,7150000
2020-21,Miami Heat,Precious Achiuwa,2582160
2021-22,Miami Heat,Precious Achiuwa,2711280
2022-23,Miami Heat,Precious Achiuwa,2840160
2023-24,Miami Heat,Precious Achiuwa,4379527
2024-25,Miami Heat,Precious Achiuwa,6275862
2020-21,Miami Heat,Ryan Anderson,5214583
2021-22,Miami Heat,Ryan Anderson,5214583
2020-21,Miami Heat,Trevor Ariza,12800000
2020-21,Miami Heat,Tyler Herro,3822240
2021-22,Miami Heat,Tyler Herro,4004280
2022-23,Miami Heat,Tyler Herro,5722116
2023-24,Miami Heat,Tyler Herro,7913686
2020-21,Miami Heat,Udonis Haslem,1620564
2020-21,Miami Heat,Victor Oladipo,21000000
2020-21,Milwaukee Bucks,Bobby Portis,3623000
2021-22,Milwaukee Bucks,Bobby Portis,3804150
2020-21,Milwaukee Bucks,Brook Lopez,12697675
2021-22,Milwaukee Bucks,Brook Lopez,13302325
2022-23,Milwaukee Bucks,Brook Lopez,13906976
2020-21,Milwaukee Bucks,Bryn Forbes,2337145
2021-22,Milwaukee Bucks,Bryn Forbes,2454002
2020-21,Milwaukee Bucks,Donte DiVencenzo,3044160
2021-22,Milwaukee Bucks,Donte DiVencenzo,4675830
2022-23,Milwaukee Bucks,Donte DiVencenzo,6602272
2020-21,Milwaukee Bucks,Giannis Antetokounmpo,27528088
2021-22,Milwaukee Bucks,Giannis Antetokounmpo,39344900
2022-23,Milwaukee Bucks,Giannis Antetokounmpo,42492492
2023-24,Milwaukee Bucks,Giannis Antetokounmpo,45640676
2024-25,Milwaukee Bucks,Giannis Antetokounmpo,48787676
2020-21,Milwaukee Bucks,Jeff Teague,510589
2020-21,Milwaukee Bucks,Jon Leuer,3169348
2021-22,Milwaukee Bucks,Jon Leuer,3169347
2020-21,Milwaukee Bucks,Jordan Nwora,898310
2021-22,Milwaukee Bucks,Jordan Nwora,1517981
2022-23,Milwaukee Bucks,Jordan Nwora,1919247
2020-21,Milwaukee Bucks,Jrue Holiday,25876111
2021-22,Milwaukee Bucks,Jrue Holiday,31051333
2022-23,Milwaukee Bucks,Jrue Holiday,33535440
2023-24,Milwaukee Bucks,Jrue Holiday,36019547
2024-25,Milwaukee Bucks,Jrue Holiday,38503654
2020-21,Milwaukee Bucks,Khris Middleton,33051724
2021-22,Milwaukee Bucks,Khris Middleton,35500000
2022-23,Milwaukee Bucks,Khris Middleton,37948276
2023-24,Milwaukee Bucks,Khris Middleton,40396552
2020-21,Milwaukee Bucks,Larry Sanders,1865546
2021-22,Milwaukee Bucks,Larry Sanders,1865547
2020-21,Milwaukee Bucks,Pat Connaughton,4938273
2021-22,Milwaukee Bucks,Pat Connaughton,5333334
2022-23,Milwaukee Bucks,Pat Connaughton,5728393
2020-21,Milwaukee Bucks,PJ Tucker,7969537
2020-21,Milwaukee Bucks,Rodions Kurucs,1780152
2021-22,Milwaukee Bucks,Rodions Kurucs,1861068
2020-21,Milwaukee Bucks,Sam Merrill,898310
2021-22,Milwaukee Bucks,Sam Merrill,1517981
2022-23,Milwaukee Bucks,Sam Merrill,1919247
2020-21,Milwaukee Bucks,Thanasis Antetokounmpo,1701593
2021-22,Milwaukee Bucks,Thanasis Antetokounmpo,2126991
2020-21,Minnesota Timberwolves,Anthony Edwards,9757440
2021-22,Minnesota Timberwolves,Anthony Edwards,10245480
2022-23,Minnesota Timberwolves,Anthony Edwards,10733400
2023-24,Minnesota Timberwolves,Anthony Edwards,13534817
2024-25,Minnesota Timberwolves,Anthony Edwards,17595262
2020-21,Minnesota Timberwolves,Cole Aldrich,685340
2020-21,Minnesota Timberwolves,D'Angelo Russell,28649250
2021-22,Minnesota Timberwolves,D'Angelo Russell,30013500
2022-23,Minnesota Timberwolves,D'Angelo Russell,31377750
2020-21,Minnesota Timberwolves,Ed Davis,5005350
2020-21,Minnesota Timberwolves,Jaden McDaniels,1964760
2021-22,Minnesota Timberwolves,Jaden McDaniels,2063280
2022-23,Minnesota Timberwolves,Jaden McDaniels,2161440
2023-24,Minnesota Timberwolves,Jaden McDaniels,3901399
2024-25,Minnesota Timberwolves,Jaden McDaniels,5813085
2020-21,Minnesota Timberwolves,Jake Layman,3761085
2021-22,Minnesota Timberwolves,Jake Layman,3940184
2020-21,Minnesota Timberwolves,Jarred Vanderbilt,1663861
2021-22,Minnesota Timberwolves,Jarred Vanderbilt,2079826
2020-21,Minnesota Timberwolves,Jarrett Culver,6104280
2021-22,Minnesota Timberwolves,Jarrett Culver,6395160
2022-23,Minnesota Timberwolves,Jarrett Culver,8109063
2023-24,Minnesota Timberwolves,Jarrett Culver,10817490
2020-21,Minnesota Timberwolves,Jaylen Nowell,1517981
2021-22,Minnesota Timberwolves,Jaylen Nowell,1782621
2022-23,Minnesota Timberwolves,Jaylen Nowell,1930681
2021-22,Minnesota Timberwolves,Jordan McLaughlin,1669178
2020-21,Minnesota Timberwolves,Josh Okogie,2651040
2021-22,Minnesota Timberwolves,Josh Okogie,4087904
2022-23,Minnesota Timberwolves,Josh Okogie,5857966
2020-21,Minnesota Timberwolves,Juancho Hernangomez,6493000
2021-22,Minnesota Timberwolves,Juancho Hernangomez,7012440
2022-23,Minnesota Timberwolves,Juancho Hernangomez,7531880
2020-21,Minnesota Timberwolves,KarlAnthony Towns,29467800
2021-22,Minnesota Timberwolves,KarlAnthony Towns,31650600
2022-23,Minnesota Timberwolves,KarlAnthony Towns,33833400
2023-24,Minnesota Timberwolves,KarlAnthony Towns,36016200
2020-21,Minnesota Timberwolves,Malik Beasley,13425895
2021-22,Minnesota Timberwolves,Malik Beasley,14491964
2022-23,Minnesota Timberwolves,Malik Beasley,15558035
2023-24,Minnesota Timberwolves,Malik Beasley,16524106
2020-21,Minnesota Timberwolves,Naz Reid,1517981
2021-22,Minnesota Timberwolves,Naz Reid,1782621
2022-23,Minnesota Timberwolves,Naz Reid,1930681
2020-21,Minnesota Timberwolves,Ricky Rubio,17000000
2021-22,Minnesota Timberwolves,Ricky Rubio,17800000
2020-21,New Orleans Pelicans,Brandon Ingram,27285000
2021-22,New Orleans Pelicans,Brandon Ingram,29467800
2022-23,New Orleans Pelicans,Brandon Ingram,31650600
2023-24,New Orleans Pelicans,Brandon Ingram,33833400
2024-25,New Orleans Pelicans,Brandon Ingram,36016200
2020-21,New Orleans Pelicans,Eric Bledsoe,16875000
2021-22,New Orleans Pelicans,Eric Bledsoe,18125000
2022-23,New Orleans Pelicans,Eric Bledsoe,19375000
2020-21,New Orleans Pelicans,Isaiah Thomas,110998
2020-21,New Orleans Pelicans,James Johnson,16047100
2020-21,New Orleans Pelicans,Jaxson Hayes,5105160
2021-22,New Orleans Pelicans,Jaxson Hayes,5348280
2022-23,New Orleans Pelicans,Jaxson Hayes,6803012
2023-24,New Orleans Pelicans,Jaxson Hayes,9170460
2020-21,New Orleans Pelicans,Josh Hart,3491159
2021-22,New Orleans Pelicans,Josh Hart,5236739
2020-21,New Orleans Pelicans,Kira Lewis Jr,3640200
2021-22,New Orleans Pelicans,Kira Lewis Jr,3822240
2022-23,New Orleans Pelicans,Kira Lewis Jr,4004280
2023-24,New Orleans Pelicans,Kira Lewis Jr,5722116
2024-25,New Orleans Pelicans,Kira Lewis Jr,7913686
2020-21,New Orleans Pelicans,Lonzo Ball,11003782
2021-22,New Orleans Pelicans,Lonzo Ball,14359936
2020-21,New Orleans Pelicans,Nickeil AlexanderWalker,3113160
2021-22,New Orleans Pelicans,Nickeil AlexanderWalker,3261480
2022-23,New Orleans Pelicans,Nickeil AlexanderWalker,5009633
2023-24,New Orleans Pelicans,Nickeil AlexanderWalker,7073602
2020-21,New Orleans Pelicans,Sindarius Thornwell,721484
2020-21,New Orleans Pelicans,Sindarius Thornwell  E,110998
2020-21,New Orleans Pelicans,Steven Adams,29592695
2021-22,New Orleans Pelicans,Steven Adams,17073171
2022-23,New Orleans Pelicans,Steven Adams,17926829
2020-21,New Orleans Pelicans,Wenyen Gabriel,1620564
2021-22,New Orleans Pelicans,Wenyen Gabriel,1762796
2020-21,New Orleans Pelicans,Wesley Iwundu,1678854
2021-22,New Orleans Pelicans,Wesley Iwundu,1824003
2020-21,New Orleans Pelicans,Willy Hernangomez,1620564
2020-21,New Orleans Pelicans,Zion Williamson,10245480
2021-22,New Orleans Pelicans,Zion Williamson,10733400
2022-23,New Orleans Pelicans,Zion Williamson,13534817
2023-24,New Orleans Pelicans,Zion Williamson,17595262
2020-21,New York Knicks,Alec Burks,6000000
2020-21,New York Knicks,Andrew White,25000
2020-21,New York Knicks,Derrick Rose,7682926
2020-21,New York Knicks,Elfrid Payton,4767000
2020-21,New York Knicks,Frank Ntilikina,6176578
2021-22,New York Knicks,Frank Ntilikina,8326027
2020-21,New York Knicks,Immanuel Quickley,2105520
2021-22,New York Knicks,Immanuel Quickley,2210640
2022-23,New York Knicks,Immanuel Quickley,2316240
2023-24,New York Knicks,Immanuel Quickley,4171548
2024-25,New York Knicks,Immanuel Quickley,6128004
2020-21,New York Knicks,Jacob Evans,2017320
2021-22,New York Knicks,Jared Harper,1669178
2020-21,New York Knicks,Joakim Noah,6431667
2021-22,New York Knicks,Joakim Noah,6431667
2020-21,New York Knicks,John Henson,110998
2020-21,New York Knicks,Julius Randle,18900000
2021-22,New York Knicks,Julius Randle,19800000
2020-21,New York Knicks,Kevin Knox,4588680
2021-22,New York Knicks,Kevin Knox,5845978
2022-23,New York Knicks,Kevin Knox,7921300
2020-21,New York Knicks,Mitchell Robinson,1663861
2021-22,New York Knicks,Mitchell Robinson,1802057
2020-21,New York Knicks,Nerlens Noel,5000000
2020-21,New York Knicks,Norvel Pelle,99020
2020-21,New York Knicks,Obi Toppin,4862040
2021-22,New York Knicks,Obi Toppin,5105160
2022-23,New York Knicks,Obi Toppin,5348280
2023-24,New York Knicks,Obi Toppin,6803012
2024-25,New York Knicks,Obi Toppin,9170460
2020-21,New York Knicks,Omari Spellman,1988280
2020-21,New York Knicks,Reggie Bullock,4200000
2020-21,New York Knicks,RJ Barrett,8231760
2021-22,New York Knicks,RJ Barrett,8623920
2022-23,New York Knicks,RJ Barrett,10900635
2023-24,New York Knicks,RJ Barrett,14301633
2020-21,New York Knicks,Taj Gibson,1442968
2020-21,New York Knicks,Terrance Ferguson,3944013
2020-21,New York Knicks,Tyler Hall,25000
2020-21,New York Knicks,Vincent Poirier,2619207
2020-21,New York Knicks,Wayne Ellington,1000000
2020-21,Oklahoma City Thunder,Admiral Schofield,1517981
2021-22,Oklahoma City Thunder,Admiral Schofield,300000
2020-21,Oklahoma City Thunder,Al Horford,27500000
2021-22,Oklahoma City Thunder,Al Horford,27000000
2022-23,Oklahoma City Thunder,Al Horford,26500000
2020-21,Oklahoma City Thunder,Aleksej Pokuesvski,2964840
2021-22,Oklahoma City Thunder,Aleksej Pokuesvski,3113160
2022-23,Oklahoma City Thunder,Aleksej Pokuesvski,3261480
2023-24,Oklahoma City Thunder,Aleksej Pokuesvski,5009633
2024-25,Oklahoma City Thunder,Aleksej Pokuesvski,7073602
2020-21,Oklahoma City Thunder,Austin Rivers,3500000
2020-21,Oklahoma City Thunder,Darius Bazley,2399160
2021-22,Oklahoma City Thunder,Darius Bazley,2513040
2022-23,Oklahoma City Thunder,Darius Bazley,4264629
2023-24,Oklahoma City Thunder,Darius Bazley,6205035
2020-21,Oklahoma City Thunder,Darius Miller,7000000
2020-21,Oklahoma City Thunder,Frank Jackson,250000
2020-21,Oklahoma City Thunder,Isaiah Roby,1517981
2021-22,Oklahoma City Thunder,Isaiah Roby,1782621
2022-23,Oklahoma City Thunder,Isaiah Roby,1930681
2020-21,Oklahoma City Thunder,Josh Gray,1620564
2020-21,Oklahoma City Thunder,Justin Jackson,5029650
2020-21,Oklahoma City Thunder,Justin Robinson,99020
2020-21,Oklahoma City Thunder,Kenrich Williams,2000000
2021-22,Oklahoma City Thunder,Kenrich Williams,2000000
2022-23,Oklahoma City Thunder,Kenrich Williams,2000000
2020-21,Oklahoma City Thunder,Kyle Singler,999200
2021-22,Oklahoma City Thunder,Kyle Singler,999200
2022-23,Oklahoma City Thunder,Kyle Singler,999200
2020-21,Oklahoma City Thunder,Luguentz Dort,1517981
2021-22,Oklahoma City Thunder,Luguentz Dort,1782621
2022-23,Oklahoma City Thunder,Luguentz Dort,1930681
2020-21,Oklahoma City Thunder,Meyers Leonard,9400000
2020-21,Oklahoma City Thunder,Mike Muscala,2283034
2020-21,Oklahoma City Thunder,Moses Brown,1250000
2021-22,Oklahoma City Thunder,Moses Brown,1701593
2022-23,Oklahoma City Thunder,Moses Brown,1846738
2023-24,Oklahoma City Thunder,Moses Brown,1997718
2020-21,Oklahoma City Thunder,Patrick Patterson,737067
2021-22,Oklahoma City Thunder,Patrick Patterson,737066
2020-21,Oklahoma City Thunder,Shai GilgeousAlexander,4141320
2021-22,Oklahoma City Thunder,Shai GilgeousAlexander,5495532
2022-23,Oklahoma City Thunder,Shai GilgeousAlexander,7523383
2020-21,Oklahoma City Thunder,Svi Mykhailiuk,1663861
2021-22,Oklahoma City Thunder,Svi Mykhailiuk,2079826
2020-21,Oklahoma City Thunder,Theo Maledon,2000000
2021-22,Oklahoma City Thunder,Theo Maledon,2000000
2022-23,Oklahoma City Thunder,Theo Maledon,1900000
2023-24,Oklahoma City Thunder,Theo Maledon,1930681
2020-21,Oklahoma City Thunder,TJ Leaf,4326825
2020-21,Oklahoma City Thunder,Tony Bradley,3542060
2021-22,Oklahoma City Thunder,Tony Bradley,5277669
2020-21,Oklahoma City Thunder,Ty Jerome,2303040
2021-22,Oklahoma City Thunder,Ty Jerome,2412840
2022-23,Oklahoma City Thunder,Ty Jerome,4220057
2023-24,Oklahoma City Thunder,Ty Jerome,6169723
2020-21,Oklahoma City Thunder,Zylan Cheatham,1445697
2021-22,Orlando Magic,Chasson Randle,1789256
2020-21,Orlando Magic,Chuma Okeke,3121080
2021-22,Orlando Magic,Chuma Okeke,3277080
2022-23,Orlando Magic,Chuma Okeke,3433320
2023-24,Orlando Magic,Chuma Okeke,5266713
2024-25,Orlando Magic,Chuma Okeke,7399732
2020-21,Orlando Magic,Cole Anthony,3285120
2021-22,Orlando Magic,Cole Anthony,3449400
2022-23,Orlando Magic,Cole Anthony,3613680
2023-24,Orlando Magic,Cole Anthony,5539771
2024-25,Orlando Magic,Cole Anthony,7744600
2020-21,Orlando Magic,Devin Cannady,61528
2020-21,Orlando Magic,Dwayne Bacon,1678854
2021-22,Orlando Magic,Dwayne Bacon,1824003
2020-21,Orlando Magic,Gary Harris,19160714
2021-22,Orlando Magic,Gary Harris,20482143
2020-21,Orlando Magic,James Ennis,3300000
2020-21,Orlando Magic,Jeff Teague,1620564
2020-21,Orlando Magic,Jonathan Isaac,7362566
2021-22,Orlando Magic,Jonathan Isaac,17400000
2022-23,Orlando Magic,Jonathan Isaac,17400000
2023-24,Orlando Magic,Jonathan Isaac,17400000
2024-25,Orlando Magic,Jonathan Isaac,17400000
2020-21,Orlando Magic,Khem Birch,3000000
2020-21,Orlando Magic,Markelle Fultz,12288697
2021-22,Orlando Magic,Markelle Fultz,16500000
2022-23,Orlando Magic,Markelle Fultz,16500000
2023-24,Orlando Magic,Markelle Fultz,17000000
2020-21,Orlando Magic,Michael CarterWilliams,3300000
2021-22,Orlando Magic,Michael CarterWilliams,3300000
2020-21,Orlando Magic,Mo Bamba,5969040
2021-22,Orlando Magic,Mo Bamba,7568743
2022-23,Orlando Magic,Mo Bamba,10096703
2020-21,Orlando Magic,Otto Porter,28489239
2020-21,Orlando Magic,RJ Hampton,2193480
2021-22,Orlando Magic,RJ Hampton,2303040
2022-23,Orlando Magic,RJ Hampton,2412840
2023-24,Orlando Magic,RJ Hampton,4220057
2024-25,Orlando Magic,RJ Hampton,6169723
2020-21,Orlando Magic,Terrence Ross,13500000
2021-22,Orlando Magic,Terrence Ross,12500000
2022-23,Orlando Magic,Terrence Ross,11500000
2020-21,Orlando Magic,Wendell Carter Jr,5448840
2021-22,Orlando Magic,Wendell Carter Jr,6920027
2022-23,Orlando Magic,Wendell Carter Jr,9279756
2020-21,Philadelphia 76ers,Ben Simmons,30559200
2021-22,Philadelphia 76ers,Ben Simmons,33003936
2022-23,Philadelphia 76ers,Ben Simmons,35448672
2023-24,Philadelphia 76ers,Ben Simmons,37893408
2024-25,Philadelphia 76ers,Ben Simmons,40338144
2020-21,Philadelphia 76ers,Danny Green,15365853
2020-21,Philadelphia 76ers,Dwight Howard,1620564
2020-21,Philadelphia 76ers,Furkan Korkmaz,1762796
2020-21,Philadelphia 76ers,George Hill,9590602
2021-22,Philadelphia 76ers,George Hill,10047297
2020-21,Philadelphia 76ers,Ignas Brazdelkis,1517981
2021-22,Philadelphia 76ers,Ignas Brazdelkis,1782621
2022-23,Philadelphia 76ers,Ignas Brazdelkis,2228276
2020-21,Philadelphia 76ers,Isaiah Joe,898310
2021-22,Philadelphia 76ers,Isaiah Joe,1517981
2022-23,Philadelphia 76ers,Isaiah Joe,1782621
2023-24,Philadelphia 76ers,Isaiah Joe,2228276
2020-21,Philadelphia 76ers,Joel Embiid,29542010
2021-22,Philadelphia 76ers,Joel Embiid,31579390
2022-23,Philadelphia 76ers,Joel Embiid,33616770
2020-21,Philadelphia 76ers,Justin Anderson,125000
2020-21,Philadelphia 76ers,Matisse Thybulle,2711280
2021-22,Philadelphia 76ers,Matisse Thybulle,2840160
2022-23,Philadelphia 76ers,Matisse Thybulle,4379527
2023-24,Philadelphia 76ers,Matisse Thybulle,6275862
2020-21,Philadelphia 76ers,Mike Scott,5005350
2020-21,Philadelphia 76ers,Paul Reed Jr,609128
2021-22,Philadelphia 76ers,Paul Reed Jr,1517981
2022-23,Philadelphia 76ers,Paul Reed Jr,1782621
2023-24,Philadelphia 76ers,Paul Reed Jr,2228276
2020-21,Philadelphia 76ers,Seth Curry,7834449
2021-22,Philadelphia 76ers,Seth Curry,8207518
2022-23,Philadelphia 76ers,Seth Curry,8496653
2020-21,Philadelphia 76ers,Shake Milton,1701593
2021-22,Philadelphia 76ers,Shake Milton,1846738
2022-23,Philadelphia 76ers,Shake Milton,1997718
2020-21,Philadelphia 76ers,Tobias Harris,34358850
2021-22,Philadelphia 76ers,Tobias Harris,35995950
2022-23,Philadelphia 76ers,Tobias Harris,37633050
2023-24,Philadelphia 76ers,Tobias Harris,39270150
2020-21,Philadelphia 76ers,Tyrese Maxey,2478840
2021-22,Philadelphia 76ers,Tyrese Maxey,2602920
2022-23,Philadelphia 76ers,Tyrese Maxey,2726880
2023-24,Philadelphia 76ers,Tyrese Maxey,4343920
2024-25,Philadelphia 76ers,Tyrese Maxey,6259589
2020-21,Phoenix Suns,Abdel Nader,1752950
2020-21,Phoenix Suns,Cameron Johnson,4235160
2021-22,Phoenix Suns,Cameron Johnson,4437000
2022-23,Phoenix Suns,Cameron Johnson,5887899
2023-24,Phoenix Suns,Cameron Johnson,8060534
2020-21,Phoenix Suns,Cameron Payne,1977011
2020-21,Phoenix Suns,Chris Paul,41358814
2021-22,Phoenix Suns,Chris Paul,44211146
2020-21,Phoenix Suns,Damian Jones,785285
2020-21,Phoenix Suns,Dario Saric,9250000
2021-22,Phoenix Suns,Dario Saric,8510000
2022-23,Phoenix Suns,Dario Saric,9240000
2020-21,Phoenix Suns,Deandre Ayton,10018200
2021-22,Phoenix Suns,Deandre Ayton,12632950
2022-23,Phoenix Suns,Deandre Ayton,16422835
2020-21,Phoenix Suns,Devin Booker,29467800
2021-22,Phoenix Suns,Devin Booker,31650600
2022-23,Phoenix Suns,Devin Booker,33833400
2023-24,Phoenix Suns,Devin Booker,36016200
2020-21,Phoenix Suns,E'Twaun Moore,1620564
2020-21,Phoenix Suns,Frank Kaminsky,1620564
2020-21,Phoenix Suns,Jae Crowder,9258000
2021-22,Phoenix Suns,Jae Crowder,9720900
2022-23,Phoenix Suns,Jae Crowder,10183800
2020-21,Phoenix Suns,Jalen Smith,4245720
2021-22,Phoenix Suns,Jalen Smith,4458000
2022-23,Phoenix Suns,Jalen Smith,4670160
2023-24,Phoenix Suns,Jalen Smith,5954454
2024-25,Phoenix Suns,Jalen Smith,8109966
2020-21,Phoenix Suns,Jevon Carter,3925000
2021-22,Phoenix Suns,Jevon Carter,3650000
2022-23,Phoenix Suns,Jevon Carter,3925000
2020-21,Phoenix Suns,Langston Galloway,1620564
2020-21,Phoenix Suns,Mikal Bridges,4359000
2021-22,Phoenix Suns,Mikal Bridges,5557725
2022-23,Phoenix Suns,Mikal Bridges,7569621
2020-21,Phoenix Suns,Torrey Craig,1620564
2020-21,Portland Trail Blazers,Anderson Varejao,1913345
2020-21,Portland Trail Blazers,Andrew Nicholson,2844430
2021-22,Portland Trail Blazers,Andrew Nicholson,2844429
2022-23,Portland Trail Blazers,Andrew Nicholson,2844429
2023-24,Portland Trail Blazers,Andrew Nicholson,2844429
2020-21,Portland Trail Blazers,Anfernee Simons,2252040
2021-22,Portland Trail Blazers,Anfernee Simons,3938818
2022-23,Portland Trail Blazers,Anfernee Simons,5758552
2020-21,Portland Trail Blazers,Carmelo Anthony,1620564
2020-21,Portland Trail Blazers,CJ Elleby,898310
2021-22,Portland Trail Blazers,CJ Elleby,1517981
2022-23,Portland Trail Blazers,CJ Elleby,1919247
2020-21,Portland Trail Blazers,CJ McCollum,29354152
2021-22,Portland Trail Blazers,CJ McCollum,30864198
2022-23,Portland Trail Blazers,CJ McCollum,33333333
2023-24,Portland Trail Blazers,CJ McCollum,35802469
2020-21,Portland Trail Blazers,Damian Lillard,31626953
2021-22,Portland Trail Blazers,Damian Lillard,39344900
2022-23,Portland Trail Blazers,Damian Lillard,42492492
2023-24,Portland Trail Blazers,Damian Lillard,45640084
2024-25,Portland Trail Blazers,Damian Lillard,48787676
2020-21,Portland Trail Blazers,Derrick Jones,9258000
2021-22,Portland Trail Blazers,Derrick Jones,9720900
2020-21,Portland Trail Blazers,Enes Kanter,5005350
2020-21,Portland Trail Blazers,Harry Giles,1620564
2020-21,Portland Trail Blazers,Jusuf Nurkic,12888889
2021-22,Portland Trail Blazers,Jusuf Nurkic,12000000
2020-21,Portland Trail Blazers,Nassir Little,2210640
2021-22,Portland Trail Blazers,Nassir Little,2316240
2022-23,Portland Trail Blazers,Nassir Little,4171548
2023-24,Portland Trail Blazers,Nassir Little,6128004
2020-21,Portland Trail Blazers,Norman Powell,10865952
2021-22,Portland Trail Blazers,Norman Powell,11615328
2020-21,Portland Trail Blazers,Robert Covington,12138345
2021-22,Portland Trail Blazers,Robert Covington,12975471
2020-21,Portland Trail Blazers,Zach Collins,5406255
2021-22,Portland Trail Blazers,Zach Collins,7363319
2020-21,Sacramento Kings,Buddy Hield,24701834
2021-22,Sacramento Kings,Buddy Hield,22768890
2022-23,Sacramento Kings,Buddy Hield,20835947
2023-24,Sacramento Kings,Buddy Hield,18903003
2020-21,Sacramento Kings,Chimezie Metu,50000
2020-21,Sacramento Kings,Chris Silva,1517981
2021-22,Sacramento Kings,Chris Silva,1782621
2022-23,Sacramento Kings,Chris Silva,2228276
2020-21,Sacramento Kings,De'Aaron Fox,8099627
2021-22,Sacramento Kings,De'Aaron Fox,28103500
2022-23,Sacramento Kings,De'Aaron Fox,30351780
2023-24,Sacramento Kings,De'Aaron Fox,32600060
2024-25,Sacramento Kings,De'Aaron Fox,34848340
2020-21,Sacramento Kings,Delon Wright,9000000
2021-22,Sacramento Kings,Delon Wright,8526316
2020-21,Sacramento Kings,Glenn Robinson III,930930
2020-21,Sacramento Kings,Harrison Barnes,22215909
2021-22,Sacramento Kings,Harrison Barnes,20284091
2022-23,Sacramento Kings,Harrison Barnes,18352273
2020-21,Sacramento Kings,Hassan Whiteside,1620564
2020-21,Sacramento Kings,Jabari Parker,6500000
2020-21,Sacramento Kings,Jahmi'us Ramsey,1000000
2021-22,Sacramento Kings,Jahmi'us Ramsey,1517981
2022-23,Sacramento Kings,Jahmi'us Ramsey,1782621
2023-24,Sacramento Kings,Jahmi'us Ramsey,2228276
2020-21,Sacramento Kings,Justin James,1517981
2021-22,Sacramento Kings,Justin James,1782621
2022-23,Sacramento Kings,Justin James,2228276
2020-21,Sacramento Kings,Marvin Bagley III,8963640
2021-22,Sacramento Kings,Marvin Bagley III,11312114
2022-23,Sacramento Kings,Marvin Bagley III,14762309
2020-21,Sacramento Kings,Maurice Harkless,3623000
2020-21,Sacramento Kings,Mfiondu Kabengele,2075880
2020-21,Sacramento Kings,Norvel Pelle,99020
2020-21,Sacramento Kings,Richaun Holmes,5005350
2020-21,Sacramento Kings,Robert Woodard II,1500000
2021-22,Sacramento Kings,Robert Woodard II,1517981
2022-23,Sacramento Kings,Robert Woodard II,1782621
2023-24,Sacramento Kings,Robert Woodard II,1930631
2020-21,Sacramento Kings,Terence Davis,1517981
2021-22,Sacramento Kings,Terence Davis,1897476
2020-21,Sacramento Kings,Tyrese Haliburton,3831840
2021-22,Sacramento Kings,Tyrese Haliburton,4023600
2022-23,Sacramento Kings,Tyrese Haliburton,4215120
2023-24,Sacramento Kings,Tyrese Haliburton,5808435
2024-25,Sacramento Kings,Tyrese Haliburton,7992407
2020-21,San Antonio Spurs,Cameron Reynolds,110998
2020-21,San Antonio Spurs,Dejounte Murray,14286000
2021-22,San Antonio Spurs,Dejounte Murray,15428880
2022-23,San Antonio Spurs,Dejounte Murray,16571120
2023-24,San Antonio Spurs,Dejounte Murray,17714000
2020-21,San Antonio Spurs,DeMar DeRozan,27739975
2020-21,San Antonio Spurs,DeMarre Carroll,6119676
2021-22,San Antonio Spurs,DeMarre Carroll,1242340
2020-21,San Antonio Spurs,Derrick White,3516284
2021-22,San Antonio Spurs,Derrick White,15678571
2022-23,San Antonio Spurs,Derrick White,16892857
2023-24,San Antonio Spurs,Derrick White,18107143
2024-25,San Antonio Spurs,Derrick White,19321429
2020-21,San Antonio Spurs,Devin Vassell,4033440
2021-22,San Antonio Spurs,Devin Vassell,4235160
2022-23,San Antonio Spurs,Devin Vassell,4437000
2023-24,San Antonio Spurs,Devin Vassell,5887899
2024-25,San Antonio Spurs,Devin Vassell,8060534
2020-21,San Antonio Spurs,Drew Eubanks,1620564
2021-22,San Antonio Spurs,Drew Eubanks,1762796
2022-23,San Antonio Spurs,Drew Eubanks,1910860
2020-21,San Antonio Spurs,Gorgui Dieng,1000000
2020-21,San Antonio Spurs,Jakob Poeltl,8101852
2021-22,San Antonio Spurs,Jakob Poeltl,8750000
2022-23,San Antonio Spurs,Jakob Poeltl,9398148
2020-21,San Antonio Spurs,Keldon Johnson,2048040
2021-22,San Antonio Spurs,Keldon Johnson,2145720
2022-23,San Antonio Spurs,Keldon Johnson,3873025
2023-24,San Antonio Spurs,Keldon Johnson,5809538
2020-21,San Antonio Spurs,LaMarcus Aldridge,16750000
2020-21,San Antonio Spurs,Lonnie Walker,2892000
2021-22,San Antonio Spurs,Lonnie Walker,4447896
2022-23,San Antonio Spurs,Lonnie Walker,6311564
2020-21,San Antonio Spurs,Luka Samanic,2824320
2021-22,San Antonio Spurs,Luka Samanic,2959080
2022-23,San Antonio Spurs,Luka Samanic,4556983
2023-24,San Antonio Spurs,Luka Samanic,6498258
2020-21,San Antonio Spurs,Marquese Chriss,1824003
2020-21,San Antonio Spurs,Patty Mills,13535714
2021-22,San Antonio Spurs,Quinndary Weatherspoon,1669178
2020-21,San Antonio Spurs,Rudy Gay,14500000
2020-21,San Antonio Spurs,Tre Jones,898310
2021-22,San Antonio Spurs,Tre Jones,1517981
2022-23,San Antonio Spurs,Tre Jones,1782621
2023-24,San Antonio Spurs,Tre Jones,2228276
2020-21,San Antonio Spurs,Trey Lyles,5500000
2020-21,Toronto Raptors,Alex Len,2258000
2020-21,Toronto Raptors,Aron Baynes,7000000
2021-22,Toronto Raptors,Aron Baynes,7350000
2020-21,Toronto Raptors,Chris Boucher,6500000
2021-22,Toronto Raptors,Chris Boucher,7020000
2020-21,Toronto Raptors,DeAndre' Bembry,1737145
2021-22,Toronto Raptors,DeAndre' Bembry,1977011
2020-21,Toronto Raptors,Donta Hall,99020
2020-21,Toronto Raptors,Fred VanVleet,21250000
2021-22,Toronto Raptors,Fred VanVleet,19675926
2022-23,Toronto Raptors,Fred VanVleet,21250000
2023-24,Toronto Raptors,Fred VanVleet,22824074
2020-21,Toronto Raptors,Gary Trent Jr,1663861
2021-22,Toronto Raptors,Gary Trent Jr,2079826
2020-21,Toronto Raptors,Henry Ellenson,110998
2020-21,Toronto Raptors,Kyle Lowry,30500000
2020-21,Toronto Raptors,Malachi Flynn,1950600
2021-22,Toronto Raptors,Malachi Flynn,2048040
2022-23,Toronto Raptors,Malachi Flynn,2145720
2023-24,Toronto Raptors,Malachi Flynn,3873025
2024-25,Toronto Raptors,Malachi Flynn,5809538
2020-21,Toronto Raptors,OG Anunoby,3872215
2021-22,Toronto Raptors,OG Anunoby,16071429
2022-23,Toronto Raptors,OG Anunoby,17357143
2023-24,Toronto Raptors,OG Anunoby,18642857
2024-25,Toronto Raptors,OG Anunoby,19928571
2020-21,Toronto Raptors,Oshae Brissett,300000
2020-21,Toronto Raptors,Pascal Siakam,30559200
2021-22,Toronto Raptors,Pascal Siakam,33003936
2022-23,Toronto Raptors,Pascal Siakam,35448672
2023-24,Toronto Raptors,Pascal Siakam,37893408
2020-21,Toronto Raptors,Patrick McCaw,4000000
2020-21,Toronto Raptors,Paul Watson,1445697
2021-22,Toronto Raptors,Paul Watson,1701593
2022-23,Toronto Raptors,Paul Watson,2126991
2020-21,Toronto Raptors,Rodney Hood,10047450
2021-22,Toronto Raptors,Rodney Hood,10851246
2020-21,Toronto Raptors,Stanley Johnson,3804150
2020-21,Utah Jazz,Bojan Bogdanovic,17850000
2021-22,Utah Jazz,Bojan Bogdanovic,18700000
2022-23,Utah Jazz,Bojan Bogdanovic,19550000
2020-21,Utah Jazz,Derrick Favors,9258000
2021-22,Utah Jazz,Derrick Favors,9720900
2022-23,Utah Jazz,Derrick Favors,10183800
2020-21,Utah Jazz,Donovan Mitchell,5195501
2021-22,Utah Jazz,Donovan Mitchell,28103500
2022-23,Utah Jazz,Donovan Mitchell,30351780
2023-24,Utah Jazz,Donovan Mitchell,32600060
2024-25,Utah Jazz,Donovan Mitchell,34848340
2020-21,Utah Jazz,Elijah Hughes,898310
2021-22,Utah Jazz,Elijah Hughes,1517981
2022-23,Utah Jazz,Elijah Hughes,1919247
2020-21,Utah Jazz,Ersan Ilyasova,754783
2020-21,Utah Jazz,Georges Niang,1783557
2021-22,Utah Jazz,Jarrell Brantley,1669178
2020-21,Utah Jazz,Joe Ingles,10863637
2021-22,Utah Jazz,Joe Ingles,13036364
2020-21,Utah Jazz,Jordan Clarkson,11500000
2021-22,Utah Jazz,Jordan Clarkson,12420000
2022-23,Utah Jazz,Jordan Clarkson,13340000
2023-24,Utah Jazz,Jordan Clarkson,14260000
2020-21,Utah Jazz,Juwan Morgan,1517981
2021-22,Utah Jazz,Juwan Morgan,1897476
2020-21,Utah Jazz,Matt Thomas,1517981
2021-22,Utah Jazz,Matt Thomas,1782621
2022-23,Utah Jazz,Matt Thomas,2228276
2020-21,Utah Jazz,Mike Conley,34502132
2020-21,Utah Jazz,Miye Oni,1517981
2021-22,Utah Jazz,Miye Oni,1782621
2022-23,Utah Jazz,Miye Oni,2228276
2020-21,Utah Jazz,Royce O'Neale,8500000
2021-22,Utah Jazz,Royce O'Neale,8800000
2022-23,Utah Jazz,Royce O'Neale,9200000
2023-24,Utah Jazz,Royce O'Neale,9500000
2020-21,Utah Jazz,Rudy Gobert,27525281
2021-22,Utah Jazz,Rudy Gobert,35344828
2022-23,Utah Jazz,Rudy Gobert,38172414
2023-24,Utah Jazz,Rudy Gobert,41000000
2024-25,Utah Jazz,Rudy Gobert,43827586
2020-21,Utah Jazz,Shaquille Harrison,770433
2020-21,Utah Jazz,Udoka Azubuike,1977000
2021-22,Utah Jazz,Udoka Azubuike,2075880
2022-23,Utah Jazz,Udoka Azubuike,2174880
2023-24,Utah Jazz,Udoka Azubuike,3923484
2024-25,Utah Jazz,Udoka Azubuike,5818527
2020-21,Washington Wizards,Alex Len,1265372
2020-21,Washington Wizards,Anthony Gill,898310
2021-22,Washington Wizards,Anthony Gill,1517981
2022-23,Washington Wizards,Anthony Gill,1919247
2020-21,Washington Wizards,Anzejs Pasecniks,374297
2020-21,Washington Wizards,Bradley Beal,28751774
2021-22,Washington Wizards,Bradley Beal,33724200
2022-23,Washington Wizards,Bradley Beal,36422136
2020-21,Washington Wizards,Chandler Hutchison,2443440
2021-22,Washington Wizards,Chandler Hutchison,4019459
2022-23,Washington Wizards,Chandler Hutchison,5820177
2020-21,Washington Wizards,Daniel Gafford,1517981
2021-22,Washington Wizards,Daniel Gafford,1782621
2022-23,Washington Wizards,Daniel Gafford,1930681
2020-21,Washington Wizards,Davis Bertans,15000000
2021-22,Washington Wizards,Davis Bertans,16000000
2022-23,Washington Wizards,Davis Bertans,16000000
2023-24,Washington Wizards,Davis Bertans,17000000
2024-25,Washington Wizards,Davis Bertans,16000000
2020-21,Washington Wizards,Deni Avdija,4469160
2021-22,Washington Wizards,Deni Avdija,4692840
2022-23,Washington Wizards,Deni Avdija,4916160
2023-24,Washington Wizards,Deni Avdija,6263188
2024-25,Washington Wizards,Deni Avdija,8486620
2021-22,Washington Wizards,Garrison Mathews,1669178
2020-21,Washington Wizards,Isaac Bonga,1663861
2021-22,Washington Wizards,Isaac Bonga,2079826
2020-21,Washington Wizards,Ish Smith,6000000
2020-21,Washington Wizards,Jerome Robinson,3737520
2020-21,Washington Wizards,Jordan Bell,110998
2020-21,Washington Wizards,Raul Neto,1620564
2020-21,Washington Wizards,Robin Lopez,7300000
2020-21,Washington Wizards,Rui Hachimura,4692840
2021-22,Washington Wizards,Rui Hachimura,4916160
2022-23,Washington Wizards,Rui Hachimura,6263188
2023-24,Washington Wizards,Rui Hachimura,8486620
2020-21,Washington Wizards,Russell Westbrook,41358814
2021-22,Washington Wizards,Russell Westbrook,44211146
2022-23,Washington Wizards,Russell Westbrook,47063478
2020-21,Washington Wizards,Thomas Bryant,8333333
2021-22,Washington Wizards,Thomas Bryant,8666667
